date,code,price,score,signal,confidence,rsi,session,data_as_of,category,priority,signal_key,source,run_id
2026-09-18 12:02,6740,49.0,78,🟢 買い・買い増し候補,中,50.0,morning,2026-09-18,portfolio,high,add,Yahoo Finance (yfinance),20260918-morning
2026-09-18 12:02,6573,27.0,32,🔴 損切り警戒,中,28.6,morning,2026-09-18,portfolio,high,stop_loss,Yahoo Finance (yfinance),20260918-morning
2026-09-18 12:02,4596,66.0,36,⚠️ 下落警戒,中,47.4,morning,2026-09-18,portfolio,high,warning,Yahoo Finance (yfinance),20260918-morning
2026-09-18 12:02,4597,30.0,36,⚠️ 下落警戒,中,50.0,morning,2026-09-18,portfolio,high,warning,Yahoo Finance (yfinance),20260918-morning
2026-09-18 12:02,6721,75.0,74,🟢 買い・買い増し候補,中,53.3,morning,2026-09-18,portfolio,high,add,Yahoo Finance (yfinance),20260918-morning
2026-09-18 12:02,6177,84.0,56,🟡 継続監視,低,50.0,morning,2026-09-18,watchlist,high,hold,Yahoo Finance (yfinance),20260918-morning
2026-09-18 12:02,2134,17.0,24,🔴 損切り警戒,高,33.3,morning,2026-09-18,watchlist,normal,stop_loss,Yahoo Finance (yfinance),20260918-morning
2026-09-18 12:02,2410,2881.0,32,🔴 損切り警戒,中,37.4,morning,2026-09-18,watchlist,normal,stop_loss,Yahoo Finance (yfinance),20260918-morning
2026-09-18 12:02,4583,95.0,72,🟢 買い・買い増し候補,中,57.1,morning,2026-09-18,watchlist,normal,add,Yahoo Finance (yfinance),20260918-morning
2026-09-18 12:02,2330,92.0,72,🟢 買い・買い増し候補,中,56.0,morning,2026-09-18,discovery,normal,add,Yahoo Finance (yfinance),20260918-morning
2026-09-18 12:02,1435,182.0,56,🟡 継続監視,低,59.3,morning,2026-09-18,discovery,normal,hold,Yahoo Finance (yfinance),20260918-morning
2026-09-18 12:02,3679,449.0,28,🔴 損切り警戒,中,41.7,morning,2026-09-18,discovery,normal,stop_loss,Yahoo Finance (yfinance),20260918-morning
2026-09-18 12:02,8622,925.0,28,🔴 損切り警戒,中,35.4,morning,2026-09-18,discovery,normal,stop_loss,Yahoo Finance (yfinance),20260918-morning
2026-09-18 12:02,8614,703.0,32,🔴 損切り警戒,中,26.5,morning,2026-09-18,discovery,normal,stop_loss,Yahoo Finance (yfinance),20260918-morning
2026-09-18 12:41,6740,49.0,78,🟢 買い・買い増し候補,中,50.0,noon,2026-09-18,portfolio,high,add,Yahoo Finance (yfinance),20260918-noon
2026-09-18 12:41,6573,27.0,32,🔴 損切り警戒,中,28.6,noon,2026-09-18,portfolio,high,stop_loss,Yahoo Finance (yfinance),20260918-noon
2026-09-18 12:41,4596,66.0,36,⚠️ 下落警戒,中,47.4,noon,2026-09-18,portfolio,high,warning,Yahoo Finance (yfinance),20260918-noon
2026-09-18 12:41,4597,30.0,36,⚠️ 下落警戒,中,50.0,noon,2026-09-18,portfolio,high,warning,Yahoo Finance (yfinance),20260918-noon
2026-09-18 12:41,6721,75.0,74,🟢 買い・買い増し候補,中,53.3,noon,2026-09-18,portfolio,high,add,Yahoo Finance (yfinance),20260918-noon
2026-09-18 12:41,6177,84.0,56,🟡 継続監視,低,50.0,noon,2026-09-18,watchlist,high,hold,Yahoo Finance (yfinance),20260918-noon
2026-09-18 12:41,2134,17.0,24,🔴 損切り警戒,高,33.3,noon,2026-09-18,watchlist,normal,stop_loss,Yahoo Finance (yfinance),20260918-noon
2026-09-18 12:41,2410,2881.0,32,🔴 損切り警戒,中,37.4,noon,2026-09-18,watchlist,normal,stop_loss,Yahoo Finance (yfinance),20260918-noon
2026-09-18 12:41,4583,95.0,72,🟢 買い・買い増し候補,中,57.1,noon,2026-09-18,watchlist,normal,add,Yahoo Finance (yfinance),20260918-noon
2026-09-18 12:41,2330,92.0,72,🟢 買い・買い増し候補,中,56.0,noon,2026-09-18,discovery,normal,add,Yahoo Finance (yfinance),20260918-noon
2026-09-18 12:41,1435,182.0,56,🟡 継続監視,低,59.3,noon,2026-09-18,discovery,normal,hold,Yahoo Finance (yfinance),20260918-noon
2026-09-18 12:41,3679,449.0,28,🔴 損切り警戒,中,41.7,noon,2026-09-18,discovery,normal,stop_loss,Yahoo Finance (yfinance),20260918-noon
2026-09-18 12:41,8622,925.0,28,🔴 損切り警戒,中,35.4,noon,2026-09-18,discovery,normal,stop_loss,Yahoo Finance (yfinance),20260918-noon
2026-09-18 12:41,8614,703.0,32,🔴 損切り警戒,中,26.5,noon,2026-09-18,discovery,normal,stop_loss,Yahoo Finance (yfinance),20260918-noon
2026-09-18 16:04,6740,49.0,86,🟢 強い買い候補,高,50.0,evening,2026-09-18,portfolio,high,buy,Yahoo Finance (yfinance),20260918-evening
2026-09-18 16:04,6573,26.0,36,⚠️ 下落警戒,中,25.0,evening,2026-09-18,portfolio,high,warning,Yahoo Finance (yfinance),20260918-evening
2026-09-18 16:04,4596,66.0,36,⚠️ 下落警戒,中,47.4,evening,2026-09-18,portfolio,high,warning,Yahoo Finance (yfinance),20260918-evening
2026-09-18 16:04,4597,31.0,86,🟢 強い買い候補,高,60.0,evening,2026-09-18,portfolio,high,buy,Yahoo Finance (yfinance),20260918-evening
2026-09-18 16:04,6721,77.0,78,🟢 買い・買い増し候補,中,58.8,evening,2026-09-18,portfolio,high,add,Yahoo Finance (yfinance),20260918-evening
2026-09-18 16:04,6177,83.0,36,⚠️ 下落警戒,中,48.0,evening,2026-09-18,watchlist,high,warning,Yahoo Finance (yfinance),20260918-evening
2026-09-18 16:04,2134,17.0,24,🔴 損切り警戒,高,33.3,evening,2026-09-18,watchlist,normal,stop_loss,Yahoo Finance (yfinance),20260918-evening
2026-09-18 16:04,2410,2885.0,40,⚠️ 下落警戒,中,38.0,evening,2026-09-18,watchlist,normal,warning,Yahoo Finance (yfinance),20260918-evening
2026-09-18 16:04,4583,103.0,100,🟢 強い買い候補,高,61.2,evening,2026-09-18,watchlist,normal,buy,Yahoo Finance (yfinance),20260918-evening
2026-09-21 08:41,6740,49.0,86,🟢 強い買い候補,高,50.0,morning,2026-09-18,portfolio,high,buy,Yahoo Finance (yfinance),20260921-morning
2026-09-21 08:41,6573,26.0,36,⚠️ 下落警戒,中,25.0,morning,2026-09-18,portfolio,high,warning,Yahoo Finance (yfinance),20260921-morning
2026-09-21 08:41,4596,66.0,36,⚠️ 下落警戒,中,47.4,morning,2026-09-18,portfolio,high,warning,Yahoo Finance (yfinance),20260921-morning
2026-09-21 08:41,4597,31.0,86,🟢 強い買い候補,高,60.0,morning,2026-09-18,portfolio,high,buy,Yahoo Finance (yfinance),20260921-morning
2026-09-21 08:41,6721,77.0,78,🟢 買い・買い増し候補,中,58.8,morning,2026-09-18,portfolio,high,add,Yahoo Finance (yfinance),20260921-morning
2026-09-21 08:41,6177,83.0,36,⚠️ 下落警戒,中,48.0,morning,2026-09-18,watchlist,high,warning,Yahoo Finance (yfinance),20260921-morning
2026-09-21 08:41,2134,17.0,24,🔴 損切り警戒,高,33.3,morning,2026-09-18,watchlist,normal,stop_loss,Yahoo Finance (yfinance),20260921-morning
2026-09-21 08:41,2410,2885.0,40,⚠️ 下落警戒,中,38.0,morning,2026-09-18,watchlist,normal,warning,Yahoo Finance (yfinance),20260921-morning
2026-09-21 08:41,4583,103.0,100,🟢 強い買い候補,高,61.2,morning,2026-09-18,watchlist,normal,buy,Yahoo Finance (yfinance),20260921-morning
2026-09-21 12:43,6740,49.0,86,🟢 強い買い候補,高,50.0,noon,2026-09-18,portfolio,high,buy,Yahoo Finance (yfinance),20260921-noon
2026-09-21 12:43,6573,26.0,36,⚠️ 下落警戒,中,25.0,noon,2026-09-18,portfolio,high,warning,Yahoo Finance (yfinance),20260921-noon
2026-09-21 12:43,4596,66.0,36,⚠️ 下落警戒,中,47.4,noon,2026-09-18,portfolio,high,warning,Yahoo Finance (yfinance),20260921-noon
2026-09-21 12:43,4597,31.0,86,🟢 強い買い候補,高,60.0,noon,2026-09-18,portfolio,high,buy,Yahoo Finance (yfinance),20260921-noon
2026-09-21 12:43,6721,77.0,78,🟢 買い・買い増し候補,中,58.8,noon,2026-09-18,portfolio,high,add,Yahoo Finance (yfinance),20260921-noon
2026-09-21 12:43,6177,83.0,36,⚠️ 下落警戒,中,48.0,noon,2026-09-18,watchlist,high,warning,Yahoo Finance (yfinance),20260921-noon
2026-09-21 12:43,2134,17.0,24,🔴 損切り警戒,高,33.3,noon,2026-09-18,watchlist,normal,stop_loss,Yahoo Finance (yfinance),20260921-noon
2026-09-21 12:43,2410,2885.0,40,⚠️ 下落警戒,中,38.0,noon,2026-09-18,watchlist,normal,warning,Yahoo Finance (yfinance),20260921-noon
2026-09-21 12:43,4583,103.0,100,🟢 強い買い候補,高,61.2,noon,2026-09-18,watchlist,normal,buy,Yahoo Finance (yfinance),20260921-noon
2026-09-21 12:43,2330,92.0,72,🟢 買い・買い増し候補,中,56.0,noon,2026-09-18,discovery,normal,add,Yahoo Finance (yfinance),20260921-noon
2026-09-21 12:43,1435,182.0,60,🟡 継続監視,低,59.3,noon,2026-09-18,discovery,normal,hold,Yahoo Finance (yfinance),20260921-noon
2026-09-21 12:43,3679,450.0,32,🔴 損切り警戒,中,42.2,noon,2026-09-18,discovery,normal,stop_loss,Yahoo Finance (yfinance),20260921-noon
2026-09-21 12:43,8622,937.0,32,🔴 損切り警戒,中,39.6,noon,2026-09-18,discovery,normal,stop_loss,Yahoo Finance (yfinance),20260921-noon
2026-09-21 12:43,8614,708.0,32,🔴 損切り警戒,中,29.3,noon,2026-09-18,discovery,normal,stop_loss,Yahoo Finance (yfinance),20260921-noon
2026-09-21 16:05,6740,49.0,86,🟢 強い買い候補,高,50.0,evening,2026-09-18,portfolio,high,buy,Yahoo Finance (yfinance),20260921-evening
2026-09-21 16:05,6573,26.0,36,⚠️ 下落警戒,中,25.0,evening,2026-09-18,portfolio,high,warning,Yahoo Finance (yfinance),20260921-evening
2026-09-21 16:05,4596,66.0,36,⚠️ 下落警戒,中,47.4,evening,2026-09-18,portfolio,high,warning,Yahoo Finance (yfinance),20260921-evening
2026-09-21 16:05,4597,31.0,86,🟢 強い買い候補,高,60.0,evening,2026-09-18,portfolio,high,buy,Yahoo Finance (yfinance),20260921-evening
2026-09-21 16:05,6721,77.0,78,🟢 買い・買い増し候補,中,58.8,evening,2026-09-18,portfolio,high,add,Yahoo Finance (yfinance),20260921-evening
2026-09-21 16:05,6177,83.0,36,⚠️ 下落警戒,中,48.0,evening,2026-09-18,watchlist,high,warning,Yahoo Finance (yfinance),20260921-evening
2026-09-21 16:05,2134,17.0,24,🔴 損切り警戒,高,33.3,evening,2026-09-18,watchlist,normal,stop_loss,Yahoo Finance (yfinance),20260921-evening
2026-09-21 16:05,2410,2885.0,40,⚠️ 下落警戒,中,38.0,evening,2026-09-18,watchlist,normal,warning,Yahoo Finance (yfinance),20260921-evening
2026-09-21 16:05,4583,103.0,100,🟢 強い買い候補,高,61.2,evening,2026-09-18,watchlist,normal,buy,Yahoo Finance (yfinance),20260921-evening
2026-09-21 16:05,2330,92.0,72,🟢 買い・買い増し候補,中,56.0,evening,2026-09-18,discovery,normal,add,Yahoo Finance (yfinance),20260921-evening
2026-09-21 16:05,1435,182.0,60,🟡 継続監視,低,59.3,evening,2026-09-18,discovery,normal,hold,Yahoo Finance (yfinance),20260921-evening
2026-09-21 16:05,3679,450.0,32,🔴 損切り警戒,中,42.2,evening,2026-09-18,discovery,normal,stop_loss,Yahoo Finance (yfinance),20260921-evening
2026-09-21 16:05,8622,937.0,32,🔴 損切り警戒,中,39.6,evening,2026-09-18,discovery,normal,stop_loss,Yahoo Finance (yfinance),20260921-evening
2026-09-21 16:05,8614,708.0,32,🔴 損切り警戒,中,29.3,evening,2026-09-18,discovery,normal,stop_loss,Yahoo Finance (yfinance),20260921-evening
2026-09-22 08:41,6740,49.0,86,🟢 強い買い候補,高,50.0,morning,2026-09-18,portfolio,high,buy,Yahoo Finance (yfinance),20260922-morning
2026-09-22 08:41,6573,26.0,36,⚠️ 下落警戒,中,25.0,morning,2026-09-18,portfolio,high,warning,Yahoo Finance (yfinance),20260922-morning
2026-09-22 08:41,4596,66.0,36,⚠️ 下落警戒,中,47.4,morning,2026-09-18,portfolio,high,warning,Yahoo Finance (yfinance),20260922-morning
2026-09-22 08:41,4597,31.0,86,🟢 強い買い候補,高,60.0,morning,2026-09-18,portfolio,high,buy,Yahoo Finance (yfinance),20260922-morning
2026-09-22 08:41,6721,77.0,78,🟢 買い・買い増し候補,中,58.8,morning,2026-09-18,portfolio,high,add,Yahoo Finance (yfinance),20260922-morning
2026-09-22 08:41,6177,83.0,36,⚠️ 下落警戒,中,48.0,morning,2026-09-18,watchlist,high,warning,Yahoo Finance (yfinance),20260922-morning
2026-09-22 08:41,2134,17.0,24,🔴 損切り警戒,高,33.3,morning,2026-09-18,watchlist,normal,stop_loss,Yahoo Finance (yfinance),20260922-morning
2026-09-22 08:41,2410,2885.0,40,⚠️ 下落警戒,中,38.0,morning,2026-09-18,watchlist,normal,warning,Yahoo Finance (yfinance),20260922-morning
2026-09-22 08:41,4583,103.0,100,🟢 強い買い候補,高,61.2,morning,2026-09-18,watchlist,normal,buy,Yahoo Finance (yfinance),20260922-morning
2026-09-22 08:41,2330,92.0,72,🟢 買い・買い増し候補,中,56.0,morning,2026-09-18,discovery,normal,add,Yahoo Finance (yfinance),20260922-morning
2026-09-22 08:41,1435,182.0,60,🟡 継続監視,低,59.3,morning,2026-09-18,discovery,normal,hold,Yahoo Finance (yfinance),20260922-morning
2026-09-22 08:41,3679,450.0,32,🔴 損切り警戒,中,42.2,morning,2026-09-18,discovery,normal,stop_loss,Yahoo Finance (yfinance),20260922-morning
2026-09-22 08:41,8622,937.0,32,🔴 損切り警戒,中,39.6,morning,2026-09-18,discovery,normal,stop_loss,Yahoo Finance (yfinance),20260922-morning
2026-09-22 08:41,8614,708.0,32,🔴 損切り警戒,中,29.3,morning,2026-09-18,discovery,normal,stop_loss,Yahoo Finance (yfinance),20260922-morning
2026-09-22 12:41,6740,49.0,86,🟢 強い買い候補,高,50.0,noon,2026-09-18,portfolio,high,buy,Yahoo Finance (yfinance),20260922-noon
2026-09-22 12:41,6573,26.0,36,⚠️ 下落警戒,中,25.0,noon,2026-09-18,portfolio,high,warning,Yahoo Finance (yfinance),20260922-noon
2026-09-22 12:41,4596,66.0,36,⚠️ 下落警戒,中,47.4,noon,2026-09-18,portfolio,high,warning,Yahoo Finance (yfinance),20260922-noon
2026-09-22 12:41,4597,31.0,86,🟢 強い買い候補,高,60.0,noon,2026-09-18,portfolio,high,buy,Yahoo Finance (yfinance),20260922-noon
2026-09-22 12:41,6721,77.0,78,🟢 買い・買い増し候補,中,58.8,noon,2026-09-18,portfolio,high,add,Yahoo Finance (yfinance),20260922-noon
2026-09-22 12:41,6177,83.0,36,⚠️ 下落警戒,中,48.0,noon,2026-09-18,watchlist,high,warning,Yahoo Finance (yfinance),20260922-noon
2026-09-22 12:41,2134,17.0,24,🔴 損切り警戒,高,33.3,noon,2026-09-18,watchlist,normal,stop_loss,Yahoo Finance (yfinance),20260922-noon
2026-09-22 12:41,2410,2885.0,40,⚠️ 下落警戒,中,38.0,noon,2026-09-18,watchlist,normal,warning,Yahoo Finance (yfinance),20260922-noon
2026-09-22 12:41,4583,103.0,100,🟢 強い買い候補,高,61.2,noon,2026-09-18,watchlist,normal,buy,Yahoo Finance (yfinance),20260922-noon
2026-09-22 12:41,2330,92.0,72,🟢 買い・買い増し候補,中,56.0,noon,2026-09-18,discovery,normal,add,Yahoo Finance (yfinance),20260922-noon
2026-09-22 12:41,1435,182.0,60,🟡 継続監視,低,59.3,noon,2026-09-18,discovery,normal,hold,Yahoo Finance (yfinance),20260922-noon
2026-09-22 12:41,3679,450.0,32,🔴 損切り警戒,中,42.2,noon,2026-09-18,discovery,normal,stop_loss,Yahoo Finance (yfinance),20260922-noon
2026-09-22 12:41,8622,937.0,32,🔴 損切り警戒,中,39.6,noon,2026-09-18,discovery,normal,stop_loss,Yahoo Finance (yfinance),20260922-noon
2026-09-22 12:41,8614,708.0,32,🔴 損切り警戒,中,29.3,noon,2026-09-18,discovery,normal,stop_loss,Yahoo Finance (yfinance),20260922-noon
2026-09-22 16:04,6740,49.0,86,🟢 強い買い候補,高,50.0,evening,2026-09-18,portfolio,high,buy,Yahoo Finance (yfinance),20260922-evening
2026-09-22 16:04,6573,26.0,36,⚠️ 下落警戒,中,25.0,evening,2026-09-18,portfolio,high,warning,Yahoo Finance (yfinance),20260922-evening
2026-09-22 16:04,4596,66.0,36,⚠️ 下落警戒,中,47.4,evening,2026-09-18,portfolio,high,warning,Yahoo Finance (yfinance),20260922-evening
2026-09-22 16:04,4597,31.0,86,🟢 強い買い候補,高,60.0,evening,2026-09-18,portfolio,high,buy,Yahoo Finance (yfinance),20260922-evening
2026-09-22 16:04,6721,77.0,78,🟢 買い・買い増し候補,中,58.8,evening,2026-09-18,portfolio,high,add,Yahoo Finance (yfinance),20260922-evening
2026-09-22 16:04,6177,83.0,36,⚠️ 下落警戒,中,48.0,evening,2026-09-18,watchlist,high,warning,Yahoo Finance (yfinance),20260922-evening
2026-09-22 16:04,2134,17.0,24,🔴 損切り警戒,高,33.3,evening,2026-09-18,watchlist,normal,stop_loss,Yahoo Finance (yfinance),20260922-evening
2026-09-22 16:04,2410,2885.0,40,⚠️ 下落警戒,中,38.0,evening,2026-09-18,watchlist,normal,warning,Yahoo Finance (yfinance),20260922-evening
2026-09-22 16:04,4583,103.0,100,🟢 強い買い候補,高,61.2,evening,2026-09-18,watchlist,normal,buy,Yahoo Finance (yfinance),20260922-evening
2026-09-22 16:04,2330,92.0,72,🟢 買い・買い増し候補,中,56.0,evening,2026-09-18,discovery,normal,add,Yahoo Finance (yfinance),20260922-evening
2026-09-22 16:04,1435,182.0,60,🟡 継続監視,低,59.3,evening,2026-09-18,discovery,normal,hold,Yahoo Finance (yfinance),20260922-evening
2026-09-22 16:04,3679,450.0,32,🔴 損切り警戒,中,42.2,evening,2026-09-18,discovery,normal,stop_loss,Yahoo Finance (yfinance),20260922-evening
2026-09-22 16:04,8622,937.0,32,🔴 損切り警戒,中,39.6,evening,2026-09-18,discovery,normal,stop_loss,Yahoo Finance (yfinance),20260922-evening
2026-09-22 16:04,8614,708.0,32,🔴 損切り警戒,中,29.3,evening,2026-09-18,discovery,normal,stop_loss,Yahoo Finance (yfinance),20260922-evening
2026-09-23 08:40,6740,49.0,86,🟢 強い買い候補,高,50.0,morning,2026-09-18,portfolio,high,buy,Yahoo Finance (yfinance),20260923-morning
2026-09-23 08:40,6573,26.0,36,⚠️ 下落警戒,中,25.0,morning,2026-09-18,portfolio,high,warning,Yahoo Finance (yfinance),20260923-morning
2026-09-23 08:40,4596,66.0,36,⚠️ 下落警戒,中,47.4,morning,2026-09-18,portfolio,high,warning,Yahoo Finance (yfinance),20260923-morning
2026-09-23 08:40,4597,31.0,86,🟢 強い買い候補,高,60.0,morning,2026-09-18,portfolio,high,buy,Yahoo Finance (yfinance),20260923-morning
2026-09-23 08:40,6721,77.0,78,🟢 買い・買い増し候補,中,58.8,morning,2026-09-18,portfolio,high,add,Yahoo Finance (yfinance),20260923-morning
2026-09-23 08:40,6177,83.0,36,⚠️ 下落警戒,中,48.0,morning,2026-09-18,watchlist,high,warning,Yahoo Finance (yfinance),20260923-morning
2026-09-23 08:40,2134,17.0,24,🔴 損切り警戒,高,33.3,morning,2026-09-18,watchlist,normal,stop_loss,Yahoo Finance (yfinance),20260923-morning
2026-09-23 08:40,2410,2885.0,40,⚠️ 下落警戒,中,38.0,morning,2026-09-18,watchlist,normal,warning,Yahoo Finance (yfinance),20260923-morning
2026-09-23 08:40,4583,103.0,100,🟢 強い買い候補,高,61.2,morning,2026-09-18,watchlist,normal,buy,Yahoo Finance (yfinance),20260923-morning
2026-09-23 08:40,2330,92.0,72,🟢 買い・買い増し候補,中,56.0,morning,2026-09-18,discovery,normal,add,Yahoo Finance (yfinance),20260923-morning
2026-09-23 08:40,1435,182.0,60,🟡 継続監視,低,59.3,morning,2026-09-18,discovery,normal,hold,Yahoo Finance (yfinance),20260923-morning
2026-09-23 08:40,3679,450.0,32,🔴 損切り警戒,中,42.2,morning,2026-09-18,discovery,normal,stop_loss,Yahoo Finance (yfinance),20260923-morning
2026-09-23 08:40,8622,937.0,32,🔴 損切り警戒,中,39.6,morning,2026-09-18,discovery,normal,stop_loss,Yahoo Finance (yfinance),20260923-morning
2026-09-23 08:40,8614,708.0,32,🔴 損切り警戒,中,29.3,morning,2026-09-18,discovery,normal,stop_loss,Yahoo Finance (yfinance),20260923-morning
2026-09-23 12:41,6740,49.0,86,🟢 強い買い候補,高,50.0,noon,2026-09-18,portfolio,high,buy,Yahoo Finance (yfinance),20260923-noon
2026-09-23 12:41,6573,26.0,36,⚠️ 下落警戒,中,25.0,noon,2026-09-18,portfolio,high,warning,Yahoo Finance (yfinance),20260923-noon
2026-09-23 12:41,4596,66.0,36,⚠️ 下落警戒,中,47.4,noon,2026-09-18,portfolio,high,warning,Yahoo Finance (yfinance),20260923-noon
2026-09-23 12:41,4597,31.0,86,🟢 強い買い候補,高,60.0,noon,2026-09-18,portfolio,high,buy,Yahoo Finance (yfinance),20260923-noon
2026-09-23 12:41,6721,77.0,78,🟢 買い・買い増し候補,中,58.8,noon,2026-09-18,portfolio,high,add,Yahoo Finance (yfinance),20260923-noon
2026-09-23 12:41,6177,83.0,36,⚠️ 下落警戒,中,48.0,noon,2026-09-18,watchlist,high,warning,Yahoo Finance (yfinance),20260923-noon
2026-09-23 12:41,2134,17.0,24,🔴 損切り警戒,高,33.3,noon,2026-09-18,watchlist,normal,stop_loss,Yahoo Finance (yfinance),20260923-noon
2026-09-23 12:41,2410,2885.0,40,⚠️ 下落警戒,中,38.0,noon,2026-09-18,watchlist,normal,warning,Yahoo Finance (yfinance),20260923-noon
2026-09-23 12:41,4583,103.0,100,🟢 強い買い候補,高,61.2,noon,2026-09-18,watchlist,normal,buy,Yahoo Finance (yfinance),20260923-noon
2026-09-23 12:41,2330,92.0,72,🟢 買い・買い増し候補,中,56.0,noon,2026-09-18,discovery,normal,add,Yahoo Finance (yfinance),20260923-noon
2026-09-23 12:41,1435,182.0,60,🟡 継続監視,低,59.3,noon,2026-09-18,discovery,normal,hold,Yahoo Finance (yfinance),20260923-noon
2026-09-23 12:41,3679,450.0,32,🔴 損切り警戒,中,42.2,noon,2026-09-18,discovery,normal,stop_loss,Yahoo Finance (yfinance),20260923-noon
2026-09-23 12:41,8622,937.0,32,🔴 損切り警戒,中,39.6,noon,2026-09-18,discovery,normal,stop_loss,Yahoo Finance (yfinance),20260923-noon
2026-09-23 12:41,8614,708.0,32,🔴 損切り警戒,中,29.3,noon,2026-09-18,discovery,normal,stop_loss,Yahoo Finance (yfinance),20260923-noon
2026-09-23 16:04,6740,49.0,86,🟢 強い買い候補,高,50.0,evening,2026-09-18,portfolio,high,buy,Yahoo Finance (yfinance),20260923-evening
2026-09-23 16:04,6573,26.0,36,⚠️ 下落警戒,中,25.0,evening,2026-09-18,portfolio,high,warning,Yahoo Finance (yfinance),20260923-evening
2026-09-23 16:04,4596,66.0,36,⚠️ 下落警戒,中,47.4,evening,2026-09-18,portfolio,high,warning,Yahoo Finance (yfinance),20260923-evening
2026-09-23 16:04,4597,31.0,86,🟢 強い買い候補,高,60.0,evening,2026-09-18,portfolio,high,buy,Yahoo Finance (yfinance),20260923-evening
2026-09-23 16:04,6721,77.0,78,🟢 買い・買い増し候補,中,58.8,evening,2026-09-18,portfolio,high,add,Yahoo Finance (yfinance),20260923-evening
2026-09-23 16:04,6177,83.0,36,⚠️ 下落警戒,中,48.0,evening,2026-09-18,watchlist,high,warning,Yahoo Finance (yfinance),20260923-evening
2026-09-23 16:04,2134,17.0,24,🔴 損切り警戒,高,33.3,evening,2026-09-18,watchlist,normal,stop_loss,Yahoo Finance (yfinance),20260923-evening
2026-09-23 16:04,2410,2885.0,40,⚠️ 下落警戒,中,38.0,evening,2026-09-18,watchlist,normal,warning,Yahoo Finance (yfinance),20260923-evening
2026-09-23 16:04,4583,103.0,100,🟢 強い買い候補,高,61.2,evening,2026-09-18,watchlist,normal,buy,Yahoo Finance (yfinance),20260923-evening
2026-09-23 16:04,2330,92.0,72,🟢 買い・買い増し候補,中,56.0,evening,2026-09-18,discovery,normal,add,Yahoo Finance (yfinance),20260923-evening
2026-09-23 16:04,1435,182.0,60,🟡 継続監視,低,59.3,evening,2026-09-18,discovery,normal,hold,Yahoo Finance (yfinance),20260923-evening
2026-09-23 16:04,3679,450.0,32,🔴 損切り警戒,中,42.2,evening,2026-09-18,discovery,normal,stop_loss,Yahoo Finance (yfinance),20260923-evening
2026-09-23 16:04,8622,937.0,32,🔴 損切り警戒,中,39.6,evening,2026-09-18,discovery,normal,stop_loss,Yahoo Finance (yfinance),20260923-evening
2026-09-23 16:04,8614,708.0,32,🔴 損切り警戒,中,29.3,evening,2026-09-18,discovery,normal,stop_loss,Yahoo Finance (yfinance),20260923-evening
2026-09-24 08:41,6740,49.0,86,🟢 強い買い候補,高,50.0,morning,2026-09-18,portfolio,high,buy,Yahoo Finance (yfinance),20260924-morning
2026-09-24 08:41,6573,26.0,36,⚠️ 下落警戒,中,25.0,morning,2026-09-18,portfolio,high,warning,Yahoo Finance (yfinance),20260924-morning
2026-09-24 08:41,4596,66.0,36,⚠️ 下落警戒,中,47.4,morning,2026-09-18,portfolio,high,warning,Yahoo Finance (yfinance),20260924-morning
2026-09-24 08:41,4597,31.0,86,🟢 強い買い候補,高,60.0,morning,2026-09-18,portfolio,high,buy,Yahoo Finance (yfinance),20260924-morning
2026-09-24 08:41,6721,77.0,78,🟢 買い・買い増し候補,中,58.8,morning,2026-09-18,portfolio,high,add,Yahoo Finance (yfinance),20260924-morning
2026-09-24 08:41,6177,83.0,36,⚠️ 下落警戒,中,48.0,morning,2026-09-18,watchlist,high,warning,Yahoo Finance (yfinance),20260924-morning
2026-09-24 08:41,2134,17.0,24,🔴 損切り警戒,高,33.3,morning,2026-09-18,watchlist,normal,stop_loss,Yahoo Finance (yfinance),20260924-morning
2026-09-24 08:41,2410,2885.0,40,⚠️ 下落警戒,中,38.0,morning,2026-09-18,watchlist,normal,warning,Yahoo Finance (yfinance),20260924-morning
2026-09-24 08:41,4583,103.0,100,🟢 強い買い候補,高,61.2,morning,2026-09-18,watchlist,normal,buy,Yahoo Finance (yfinance),20260924-morning
2026-09-24 08:41,2330,92.0,72,🟢 買い・買い増し候補,中,56.0,morning,2026-09-18,discovery,normal,add,Yahoo Finance (yfinance),20260924-morning
2026-09-24 08:41,1435,182.0,60,🟡 継続監視,低,59.3,morning,2026-09-18,discovery,normal,hold,Yahoo Finance (yfinance),20260924-morning
2026-09-24 08:41,3679,450.0,32,🔴 損切り警戒,中,42.2,morning,2026-09-18,discovery,normal,stop_loss,Yahoo Finance (yfinance),20260924-morning
2026-09-24 08:41,8622,937.0,32,🔴 損切り警戒,中,39.6,morning,2026-09-18,discovery,normal,stop_loss,Yahoo Finance (yfinance),20260924-morning
2026-09-24 08:41,8614,708.0,32,🔴 損切り警戒,中,29.3,morning,2026-09-18,discovery,normal,stop_loss,Yahoo Finance (yfinance),20260924-morning
2026-09-24 12:41,6740,49.0,74,🟢 買い・買い増し候補,中,50.0,noon,2026-09-24,portfolio,high,add,Yahoo Finance (yfinance),20260924-noon
2026-09-24 12:41,6573,27.0,28,🔴 損切り警戒,中,33.3,noon,2026-09-24,portfolio,high,stop_loss,Yahoo Finance (yfinance),20260924-noon
2026-09-24 12:41,4596,67.0,82,🟢 強い買い候補,高,47.4,noon,2026-09-24,portfolio,high,buy,Yahoo Finance (yfinance),20260924-noon
2026-09-24 12:41,4597,30.0,54,🟡 継続監視,低,50.0,noon,2026-09-24,portfolio,high,hold,Yahoo Finance (yfinance),20260924-noon
2026-09-24 12:41,6721,76.0,78,🟢 買い・買い増し候補,中,58.8,noon,2026-09-24,portfolio,high,add,Yahoo Finance (yfinance),20260924-noon
2026-09-24 12:41,6177,84.0,36,🟡 継続監視,中,45.8,noon,2026-09-24,watchlist,high,hold,Yahoo Finance (yfinance),20260924-noon
2026-09-24 12:41,2134,16.0,16,🔴 損切り警戒,高,30.0,noon,2026-09-24,watchlist,normal,stop_loss,Yahoo Finance (yfinance),20260924-noon
2026-09-24 12:41,2410,2872.0,58,🟡 継続監視,低,38.5,noon,2026-09-24,watchlist,normal,hold,Yahoo Finance (yfinance),20260924-noon
2026-09-24 12:41,4583,108.0,90,🟢 強い買い候補,高,64.0,noon,2026-09-24,watchlist,normal,buy,Yahoo Finance (yfinance),20260924-noon
2026-09-24 12:41,2330,94.0,72,🟢 買い・買い増し候補,中,55.6,noon,2026-09-24,discovery,normal,add,Yahoo Finance (yfinance),20260924-noon
2026-09-24 12:41,1435,182.0,100,🟢 強い買い候補,高,57.7,noon,2026-09-24,discovery,normal,buy,Yahoo Finance (yfinance),20260924-noon
2026-09-24 12:41,8927,502.0,86,🟢 強い買い候補,高,66.0,noon,2026-09-24,discovery,normal,buy,Yahoo Finance (yfinance),20260924-noon
2026-09-24 12:41,3679,440.0,32,🔴 損切り警戒,中,40.2,noon,2026-09-24,discovery,normal,stop_loss,Yahoo Finance (yfinance),20260924-noon
2026-09-24 12:41,3940,132.0,94,🟢 強い買い候補,高,54.2,noon,2026-09-24,discovery,normal,buy,Yahoo Finance (yfinance),20260924-noon
2026-09-24 16:04,6740,49.0,78,🟢 買い・買い増し候補,中,50.0,evening,2026-09-24,portfolio,high,add,Yahoo Finance (yfinance),20260924-evening
2026-09-24 16:04,6573,27.0,28,🔴 損切り警戒,中,33.3,evening,2026-09-24,portfolio,high,stop_loss,Yahoo Finance (yfinance),20260924-evening
2026-09-24 16:04,4596,66.0,28,🔴 損切り警戒,中,44.4,evening,2026-09-24,portfolio,high,stop_loss,Yahoo Finance (yfinance),20260924-evening
2026-09-24 16:04,4597,31.0,78,🟢 買い・買い増し候補,中,60.0,evening,2026-09-24,portfolio,high,add,Yahoo Finance (yfinance),20260924-evening
2026-09-24 16:04,6721,73.0,66,🟡 継続監視,中,50.0,evening,2026-09-24,portfolio,high,hold,Yahoo Finance (yfinance),20260924-evening
2026-09-24 16:04,6177,84.0,36,🟡 継続監視,中,45.8,evening,2026-09-24,watchlist,high,hold,Yahoo Finance (yfinance),20260924-evening
2026-09-24 16:04,2134,17.0,24,🔴 損切り警戒,高,33.3,evening,2026-09-24,watchlist,normal,stop_loss,Yahoo Finance (yfinance),20260924-evening
2026-09-24 16:04,2410,2860.0,40,⚠️ 下落警戒,中,36.9,evening,2026-09-24,watchlist,normal,warning,Yahoo Finance (yfinance),20260924-evening
2026-09-24 16:04,4583,104.0,94,🟢 強い買い候補,高,62.4,evening,2026-09-24,watchlist,normal,buy,Yahoo Finance (yfinance),20260924-evening
2026-09-25 10:48,6740,49.0,74,🟢 買い・買い増し候補,中,63.6,morning,2026-09-25,portfolio,high,add,Yahoo Finance (yfinance),20260925-morning
2026-09-25 10:48,6573,27.0,28,🔴 損切り警戒,中,37.5,morning,2026-09-25,portfolio,high,stop_loss,Yahoo Finance (yfinance),20260925-morning
2026-09-25 10:48,4596,66.0,36,⚠️ 下落警戒,中,53.3,morning,2026-09-25,portfolio,high,warning,Yahoo Finance (yfinance),20260925-morning
2026-09-25 10:48,4597,31.0,72,🟠 利確検討,中,75.0,morning,2026-09-25,portfolio,high,take_profit,Yahoo Finance (yfinance),20260925-morning
2026-09-25 10:48,6721,74.0,74,🟢 買い・買い増し候補,中,55.0,morning,2026-09-25,portfolio,high,add,Yahoo Finance (yfinance),20260925-morning
2026-09-25 10:48,6177,84.0,36,⚠️ 下落警戒,中,50.0,morning,2026-09-25,watchlist,high,warning,Yahoo Finance (yfinance),20260925-morning
2026-09-25 10:48,2134,18.0,24,🔴 損切り警戒,高,40.0,morning,2026-09-25,watchlist,normal,stop_loss,Yahoo Finance (yfinance),20260925-morning
2026-09-25 10:48,2410,2858.0,36,⚠️ 下落警戒,中,48.8,morning,2026-09-25,watchlist,normal,warning,Yahoo Finance (yfinance),20260925-morning
2026-09-25 10:48,4583,104.0,90,🟢 強い買い候補,高,63.9,morning,2026-09-25,watchlist,normal,buy,Yahoo Finance (yfinance),20260925-morning
2026-09-25 18:01,6740,51.0,78,🟢 買い・買い増し候補,中,69.2,noon,2026-09-25,portfolio,high,add,Yahoo Finance (yfinance),20260925-noon
2026-09-25 18:01,6573,27.0,28,🔴 損切り警戒,中,37.5,noon,2026-09-25,portfolio,high,stop_loss,Yahoo Finance (yfinance),20260925-noon
2026-09-25 18:01,4596,66.0,36,⚠️ 下落警戒,中,53.3,noon,2026-09-25,portfolio,high,warning,Yahoo Finance (yfinance),20260925-noon
2026-09-25 18:01,4597,31.0,76,🟠 利確検討,中,75.0,noon,2026-09-25,portfolio,high,take_profit,Yahoo Finance (yfinance),20260925-noon
2026-09-25 18:01,6721,74.0,78,🟢 買い・買い増し候補,中,55.0,noon,2026-09-25,portfolio,high,add,Yahoo Finance (yfinance),20260925-noon
2026-09-25 18:01,6177,86.0,60,🟡 継続監視,低,54.2,noon,2026-09-25,watchlist,high,hold,Yahoo Finance (yfinance),20260925-noon
2026-09-25 18:01,2134,19.0,32,🔴 損切り警戒,中,45.5,noon,2026-09-25,watchlist,normal,stop_loss,Yahoo Finance (yfinance),20260925-noon
2026-09-25 18:01,2410,2851.0,48,⚠️ 下落警戒,低,47.3,noon,2026-09-25,watchlist,normal,warning,Yahoo Finance (yfinance),20260925-noon
2026-09-25 18:01,4583,103.0,94,🟢 強い買い候補,高,63.1,noon,2026-09-25,watchlist,normal,buy,Yahoo Finance (yfinance),20260925-noon
2026-09-25 18:01,2330,92.0,72,🟢 買い・買い増し候補,中,53.3,noon,2026-09-25,discovery,normal,add,Yahoo Finance (yfinance),20260925-noon
2026-09-25 18:01,3940,133.0,72,🟢 買い・買い増し候補,中,62.5,noon,2026-09-25,discovery,normal,add,Yahoo Finance (yfinance),20260925-noon
2026-09-25 18:01,3679,441.0,40,⚠️ 下落警戒,中,47.6,noon,2026-09-25,discovery,normal,warning,Yahoo Finance (yfinance),20260925-noon
2026-09-25 18:01,8927,506.0,86,🟢 買い・買い増し候補,高,72.2,noon,2026-09-25,discovery,normal,add,Yahoo Finance (yfinance),20260925-noon
2026-09-25 18:01,8622,920.0,32,🔴 損切り警戒,中,44.4,noon,2026-09-25,discovery,normal,stop_loss,Yahoo Finance (yfinance),20260925-noon
2026-09-25 21:25,6740,51.0,78,🟢 買い・買い増し候補,中,69.2,evening,2026-09-25,portfolio,high,add,Yahoo Finance (yfinance),20260925-evening
2026-09-25 21:25,6573,27.0,28,🔴 損切り警戒,中,37.5,evening,2026-09-25,portfolio,high,stop_loss,Yahoo Finance (yfinance),20260925-evening
2026-09-25 21:25,4596,66.0,36,⚠️ 下落警戒,中,53.3,evening,2026-09-25,portfolio,high,warning,Yahoo Finance (yfinance),20260925-evening
2026-09-25 21:25,4597,31.0,76,🟠 利確検討,中,75.0,evening,2026-09-25,portfolio,high,take_profit,Yahoo Finance (yfinance),20260925-evening
2026-09-25 21:25,6721,74.0,78,🟢 買い・買い増し候補,中,55.0,evening,2026-09-25,portfolio,high,add,Yahoo Finance (yfinance),20260925-evening
2026-09-25 21:25,6177,86.0,60,🟡 継続監視,低,54.2,evening,2026-09-25,watchlist,high,hold,Yahoo Finance (yfinance),20260925-evening
2026-09-25 21:25,2134,19.0,32,🔴 損切り警戒,中,45.5,evening,2026-09-25,watchlist,normal,stop_loss,Yahoo Finance (yfinance),20260925-evening
2026-09-25 21:25,2410,2851.0,48,⚠️ 下落警戒,低,47.3,evening,2026-09-25,watchlist,normal,warning,Yahoo Finance (yfinance),20260925-evening
2026-09-25 21:25,4583,103.0,94,🟢 強い買い候補,高,63.1,evening,2026-09-25,watchlist,normal,buy,Yahoo Finance (yfinance),20260925-evening
2026-09-25 21:25,2330,92.0,72,🟢 買い・買い増し候補,中,53.3,evening,2026-09-25,discovery,normal,add,Yahoo Finance (yfinance),20260925-evening
2026-09-25 21:25,3940,133.0,72,🟢 買い・買い増し候補,中,62.5,evening,2026-09-25,discovery,normal,add,Yahoo Finance (yfinance),20260925-evening
2026-09-25 21:25,3679,441.0,40,⚠️ 下落警戒,中,47.6,evening,2026-09-25,discovery,normal,warning,Yahoo Finance (yfinance),20260925-evening
2026-09-25 21:25,8927,506.0,86,🟢 買い・買い増し候補,高,72.2,evening,2026-09-25,discovery,normal,add,Yahoo Finance (yfinance),20260925-evening
2026-09-25 21:25,8622,920.0,32,🔴 損切り警戒,中,44.4,evening,2026-09-25,discovery,normal,stop_loss,Yahoo Finance (yfinance),20260925-evening
2026-09-28 10:56,6740,48.0,78,🟢 買い・買い増し候補,中,56.2,morning,2026-09-28,portfolio,high,add,Yahoo Finance (yfinance),20260928-morning
2026-09-28 10:56,6573,27.0,28,🔴 損切り警戒,中,42.9,morning,2026-09-28,portfolio,high,stop_loss,Yahoo Finance (yfinance),20260928-morning
2026-09-28 10:56,4596,66.0,36,⚠️ 下落警戒,中,57.1,morning,2026-09-28,portfolio,high,warning,Yahoo Finance (yfinance),20260928-morning
2026-09-28 10:56,4597,30.0,90,🟢 強い買い候補,高,60.0,morning,2026-09-28,portfolio,high,buy,Yahoo Finance (yfinance),20260928-morning
2026-09-28 10:56,6721,73.0,54,🟡 継続監視,低,52.4,morning,2026-09-28,portfolio,high,hold,Yahoo Finance (yfinance),20260928-morning
2026-09-28 10:56,6177,84.0,28,🔴 損切り警戒,中,38.1,morning,2026-09-28,watchlist,high,stop_loss,Yahoo Finance (yfinance),20260928-morning
2026-09-28 10:56,2134,19.0,42,🟡 継続監視,低,40.0,morning,2026-09-28,watchlist,normal,hold,Yahoo Finance (yfinance),20260928-morning
2026-09-28 10:56,2410,2861.0,40,⚠️ 下落警戒,中,48.4,morning,2026-09-28,watchlist,normal,warning,Yahoo Finance (yfinance),20260928-morning
2026-09-28 10:56,4583,103.0,90,🟢 強い買い候補,高,62.7,morning,2026-09-28,watchlist,normal,buy,Yahoo Finance (yfinance),20260928-morning
2026-09-28 10:56,2330,90.0,52,⚠️ 下落警戒,低,51.1,morning,2026-09-28,discovery,normal,warning,Yahoo Finance (yfinance),20260928-morning
2026-09-28 10:56,3940,131.0,72,🟢 買い・買い増し候補,中,54.2,morning,2026-09-28,discovery,normal,add,Yahoo Finance (yfinance),20260928-morning
2026-09-28 10:56,3679,440.0,40,⚠️ 下落警戒,中,45.1,morning,2026-09-28,discovery,normal,warning,Yahoo Finance (yfinance),20260928-morning
2026-09-28 10:56,8927,506.0,86,🟢 強い買い候補,高,71.7,morning,2026-09-28,discovery,normal,buy,Yahoo Finance (yfinance),20260928-morning
2026-09-28 10:56,8622,925.0,28,🔴 損切り警戒,中,44.4,morning,2026-09-28,discovery,normal,stop_loss,Yahoo Finance (yfinance),20260928-morning
2026-09-28 19:05,6740,49.0,86,🟢 強い買い候補,高,60.0,noon,2026-09-28,portfolio,high,buy,Yahoo Finance (yfinance),20260928-noon
2026-09-28 19:05,6573,26.0,28,🔴 損切り警戒,中,37.5,noon,2026-09-28,portfolio,high,stop_loss,Yahoo Finance (yfinance),20260928-noon
2026-09-28 19:05,4596,66.0,36,⚠️ 下落警戒,中,57.1,noon,2026-09-28,portfolio,high,warning,Yahoo Finance (yfinance),20260928-noon
2026-09-28 19:05,4597,30.0,90,🟢 強い買い候補,高,60.0,noon,2026-09-28,portfolio,high,buy,Yahoo Finance (yfinance),20260928-noon
2026-09-28 19:05,6721,73.0,58,🟡 継続監視,低,52.4,noon,2026-09-28,portfolio,high,hold,Yahoo Finance (yfinance),20260928-noon
2026-09-28 19:05,6177,85.0,52,🟡 継続監視,低,40.0,noon,2026-09-28,watchlist,high,hold,Yahoo Finance (yfinance),20260928-noon
2026-09-28 19:05,2134,18.0,24,🔴 損切り警戒,高,36.4,noon,2026-09-28,watchlist,normal,stop_loss,Yahoo Finance (yfinance),20260928-noon
2026-09-28 19:05,2410,2856.0,48,⚠️ 下落警戒,低,47.3,noon,2026-09-28,watchlist,normal,warning,Yahoo Finance (yfinance),20260928-noon
2026-09-28 19:05,4583,105.0,90,🟢 強い買い候補,高,63.5,noon,2026-09-28,watchlist,normal,buy,Yahoo Finance (yfinance),20260928-noon
2026-09-28 23:43,6740,49.0,86,🟢 強い買い候補,高,60.0,evening,2026-09-28,portfolio,high,buy,Yahoo Finance (yfinance),20260928-evening
2026-09-28 23:43,6573,26.0,28,🔴 損切り警戒,中,37.5,evening,2026-09-28,portfolio,high,stop_loss,Yahoo Finance (yfinance),20260928-evening
2026-09-28 23:43,4596,66.0,36,⚠️ 下落警戒,中,57.1,evening,2026-09-28,portfolio,high,warning,Yahoo Finance (yfinance),20260928-evening
2026-09-28 23:43,4597,30.0,90,🟢 強い買い候補,高,60.0,evening,2026-09-28,portfolio,high,buy,Yahoo Finance (yfinance),20260928-evening
2026-09-28 23:43,6721,73.0,58,🟡 継続監視,低,52.4,evening,2026-09-28,portfolio,high,hold,Yahoo Finance (yfinance),20260928-evening
2026-09-28 23:43,6177,85.0,52,🟡 継続監視,低,40.0,evening,2026-09-28,watchlist,high,hold,Yahoo Finance (yfinance),20260928-evening
2026-09-28 23:43,2134,18.0,24,🔴 損切り警戒,高,36.4,evening,2026-09-28,watchlist,normal,stop_loss,Yahoo Finance (yfinance),20260928-evening
2026-09-28 23:43,2410,2856.0,48,⚠️ 下落警戒,低,47.3,evening,2026-09-28,watchlist,normal,warning,Yahoo Finance (yfinance),20260928-evening
2026-09-28 23:43,4583,105.0,90,🟢 強い買い候補,高,63.5,evening,2026-09-28,watchlist,normal,buy,Yahoo Finance (yfinance),20260928-evening
2026-09-29 11:41,6740,49.0,74,🟢 買い・買い増し候補,中,57.1,morning,2026-09-29,portfolio,high,add,Yahoo Finance (yfinance),20260929-morning
2026-09-29 11:41,6573,27.0,36,⚠️ 下落警戒,中,50.0,morning,2026-09-29,portfolio,high,warning,Yahoo Finance (yfinance),20260929-morning
2026-09-29 11:41,4596,66.0,36,⚠️ 下落警戒,中,57.1,morning,2026-09-29,portfolio,high,warning,Yahoo Finance (yfinance),20260929-morning
2026-09-29 11:41,4597,30.0,90,🟢 強い買い候補,高,60.0,morning,2026-09-29,portfolio,high,buy,Yahoo Finance (yfinance),20260929-morning
2026-09-29 11:41,6721,73.0,54,🟡 継続監視,低,50.0,morning,2026-09-29,portfolio,high,hold,Yahoo Finance (yfinance),20260929-morning
2026-09-29 11:41,6177,87.0,100,🟢 強い買い候補,高,55.6,morning,2026-09-29,watchlist,high,buy,Yahoo Finance (yfinance),20260929-morning
2026-09-29 11:41,2134,18.0,38,🟡 継続監視,中,40.0,morning,2026-09-29,watchlist,normal,hold,Yahoo Finance (yfinance),20260929-morning
2026-09-29 11:41,2410,2679.0,44,⚠️ 下落警戒,低,24.5,morning,2026-09-29,watchlist,normal,warning,Yahoo Finance (yfinance),20260929-morning
2026-09-29 11:41,4583,103.0,82,🟢 強い買い候補,高,42.1,morning,2026-09-29,watchlist,normal,buy,Yahoo Finance (yfinance),20260929-morning
2026-09-29 11:41,2330,86.0,36,⚠️ 下落警戒,中,50.0,morning,2026-09-29,discovery,normal,warning,Yahoo Finance (yfinance),20260929-morning
2026-09-29 11:41,3679,432.0,40,⚠️ 下落警戒,中,34.6,morning,2026-09-29,discovery,normal,warning,Yahoo Finance (yfinance),20260929-morning
2026-09-29 11:41,8927,506.0,86,🟢 強い買い候補,高,68.5,morning,2026-09-29,discovery,normal,buy,Yahoo Finance (yfinance),20260929-morning
2026-09-29 11:41,7844,528.0,64,🟡 継続監視,低,51.1,morning,2026-09-29,discovery,normal,hold,Yahoo Finance (yfinance),20260929-morning
2026-09-29 11:41,8622,882.0,36,⚠️ 下落警戒,中,21.4,morning,2026-09-29,discovery,normal,warning,Yahoo Finance (yfinance),20260929-morning
2026-09-29 19:03,6740,50.0,78,🟢 買い・買い増し候補,中,60.0,noon,2026-09-29,portfolio,high,add,Yahoo Finance (yfinance),20260929-noon
2026-09-29 19:03,6573,26.0,28,🔴 損切り警戒,中,42.9,noon,2026-09-29,portfolio,high,stop_loss,Yahoo Finance (yfinance),20260929-noon
2026-09-29 19:03,4596,66.0,36,⚠️ 下落警戒,中,57.1,noon,2026-09-29,portfolio,high,warning,Yahoo Finance (yfinance),20260929-noon
2026-09-29 19:03,4597,30.0,94,🟢 強い買い候補,高,60.0,noon,2026-09-29,portfolio,high,buy,Yahoo Finance (yfinance),20260929-noon
2026-09-29 19:03,6721,73.0,66,🟡 継続監視,中,50.0,noon,2026-09-29,portfolio,high,hold,Yahoo Finance (yfinance),20260929-noon
2026-09-29 19:03,6177,85.0,60,🟡 継続監視,低,50.0,noon,2026-09-29,watchlist,high,hold,Yahoo Finance (yfinance),20260929-noon
2026-09-29 19:03,2134,18.0,38,🟡 継続監視,中,40.0,noon,2026-09-29,watchlist,normal,hold,Yahoo Finance (yfinance),20260929-noon
2026-09-29 19:03,2410,2669.0,44,⚠️ 下落警戒,低,23.9,noon,2026-09-29,watchlist,normal,warning,Yahoo Finance (yfinance),20260929-noon
2026-09-29 19:03,4583,109.0,94,🟢 強い買い候補,高,47.5,noon,2026-09-29,watchlist,normal,buy,Yahoo Finance (yfinance),20260929-noon
2026-09-29 22:33,6740,50.0,78,🟢 買い・買い増し候補,中,60.0,evening,2026-09-29,portfolio,high,add,Yahoo Finance (yfinance),20260929-evening
2026-09-29 22:33,6573,26.0,28,🔴 損切り警戒,中,42.9,evening,2026-09-29,portfolio,high,stop_loss,Yahoo Finance (yfinance),20260929-evening
2026-09-29 22:33,4596,66.0,36,⚠️ 下落警戒,中,57.1,evening,2026-09-29,portfolio,high,warning,Yahoo Finance (yfinance),20260929-evening
2026-09-29 22:33,4597,30.0,94,🟢 強い買い候補,高,60.0,evening,2026-09-29,portfolio,high,buy,Yahoo Finance (yfinance),20260929-evening
2026-09-29 22:33,6721,73.0,66,🟡 継続監視,中,50.0,evening,2026-09-29,portfolio,high,hold,Yahoo Finance (yfinance),20260929-evening
2026-09-29 22:33,6177,85.0,60,🟡 継続監視,低,50.0,evening,2026-09-29,watchlist,high,hold,Yahoo Finance (yfinance),20260929-evening
2026-09-29 22:33,2134,18.0,38,🟡 継続監視,中,40.0,evening,2026-09-29,watchlist,normal,hold,Yahoo Finance (yfinance),20260929-evening
2026-09-29 22:33,2410,2669.0,44,⚠️ 下落警戒,低,23.9,evening,2026-09-29,watchlist,normal,warning,Yahoo Finance (yfinance),20260929-evening
2026-09-29 22:33,4583,109.0,94,🟢 強い買い候補,高,47.5,evening,2026-09-29,watchlist,normal,buy,Yahoo Finance (yfinance),20260929-evening
2026-09-29 22:33,7610,137.0,34,🔴 損切り警戒,中,35.7,evening,2026-09-29,discovery,normal,stop_loss,Yahoo Finance (yfinance),20260929-evening
2026-09-29 22:33,3679,435.0,40,⚠️ 下落警戒,中,35.9,evening,2026-09-29,discovery,normal,warning,Yahoo Finance (yfinance),20260929-evening
2026-09-29 22:33,8927,503.0,100,🟢 強い買い候補,高,64.9,evening,2026-09-29,discovery,normal,buy,Yahoo Finance (yfinance),20260929-evening
2026-09-29 22:33,3940,129.0,52,⚠️ 下落警戒,低,45.8,evening,2026-09-29,discovery,normal,warning,Yahoo Finance (yfinance),20260929-evening
2026-09-29 22:33,7844,535.0,76,🟢 買い・買い増し候補,中,55.4,evening,2026-09-29,discovery,normal,add,Yahoo Finance (yfinance),20260929-evening
2026-09-30 11:18,6740,50.0,74,🟢 買い・買い増し候補,中,60.0,morning,2026-09-30,portfolio,high,add,Yahoo Finance (yfinance),20260930-morning
2026-09-30 11:18,6573,26.0,28,🔴 損切り警戒,中,33.3,morning,2026-09-30,portfolio,high,stop_loss,Yahoo Finance (yfinance),20260930-morning
2026-09-30 11:18,4596,65.0,36,⚠️ 下落警戒,中,46.2,morning,2026-09-30,portfolio,high,warning,Yahoo Finance (yfinance),20260930-morning
2026-09-30 11:18,4597,30.0,90,🟢 強い買い候補,高,50.0,morning,2026-09-30,portfolio,high,buy,Yahoo Finance (yfinance),20260930-morning
2026-09-30 11:18,6721,71.0,24,🔴 損切り警戒,高,45.5,morning,2026-09-30,portfolio,high,stop_loss,Yahoo Finance (yfinance),20260930-morning
2026-09-30 11:18,6177,85.0,72,🟢 買い・買い増し候補,中,46.7,morning,2026-09-30,watchlist,high,add,Yahoo Finance (yfinance),20260930-morning
2026-09-30 11:18,2134,18.0,30,🔴 損切り警戒,中,33.3,morning,2026-09-30,watchlist,normal,stop_loss,Yahoo Finance (yfinance),20260930-morning
2026-09-30 11:18,2410,2670.0,36,⚠️ 下落警戒,中,23.1,morning,2026-09-30,watchlist,normal,warning,Yahoo Finance (yfinance),20260930-morning
2026-09-30 11:18,4583,103.0,90,🟢 強い買い候補,高,53.8,morning,2026-09-30,watchlist,normal,buy,Yahoo Finance (yfinance),20260930-morning
2026-09-30 11:18,7610,137.0,30,🔴 損切り警戒,中,35.7,morning,2026-09-30,discovery,normal,stop_loss,Yahoo Finance (yfinance),20260930-morning
2026-09-30 11:18,3679,425.0,28,🔴 損切り警戒,中,35.9,morning,2026-09-30,discovery,normal,stop_loss,Yahoo Finance (yfinance),20260930-morning
2026-09-30 11:18,8927,506.0,82,🟢 強い買い候補,高,71.4,morning,2026-09-30,discovery,normal,buy,Yahoo Finance (yfinance),20260930-morning
2026-09-30 11:18,3940,129.0,36,⚠️ 下落警戒,中,47.8,morning,2026-09-30,discovery,normal,warning,Yahoo Finance (yfinance),20260930-morning
2026-09-30 11:18,7844,533.0,64,🟡 継続監視,低,67.6,morning,2026-09-30,discovery,normal,hold,Yahoo Finance (yfinance),20260930-morning
2026-09-30 18:56,6740,51.0,78,🟢 買い・買い増し候補,中,62.5,noon,2026-09-30,portfolio,high,add,Yahoo Finance (yfinance),20260930-noon
2026-09-30 18:56,6573,25.0,44,⚠️ 下落警戒,低,28.6,noon,2026-09-30,portfolio,high,warning,Yahoo Finance (yfinance),20260930-noon
2026-09-30 18:56,4596,66.0,36,⚠️ 下落警戒,中,50.0,noon,2026-09-30,portfolio,high,warning,Yahoo Finance (yfinance),20260930-noon
2026-09-30 18:56,4597,31.0,94,🟢 強い買い候補,高,60.0,noon,2026-09-30,portfolio,high,buy,Yahoo Finance (yfinance),20260930-noon
2026-09-30 18:56,6721,72.0,24,🔴 損切り警戒,高,47.6,noon,2026-09-30,portfolio,high,stop_loss,Yahoo Finance (yfinance),20260930-noon
2026-09-30 18:56,6177,87.0,100,🟢 強い買い候補,高,52.9,noon,2026-09-30,watchlist,high,buy,Yahoo Finance (yfinance),20260930-noon
2026-09-30 18:56,2134,19.0,30,🔴 損切り警戒,中,40.0,noon,2026-09-30,watchlist,normal,stop_loss,Yahoo Finance (yfinance),20260930-noon
2026-09-30 18:56,2410,2669.0,44,⚠️ 下落警戒,低,22.9,noon,2026-09-30,watchlist,normal,warning,Yahoo Finance (yfinance),20260930-noon
2026-09-30 18:56,4583,108.0,90,🟢 強い買い候補,高,59.6,noon,2026-09-30,watchlist,normal,buy,Yahoo Finance (yfinance),20260930-noon
2026-09-30 22:10,6740,51.0,78,🟢 買い・買い増し候補,中,62.5,evening,2026-09-30,portfolio,high,add,Yahoo Finance (yfinance),20260930-evening
2026-09-30 22:10,6573,25.0,44,⚠️ 下落警戒,低,28.6,evening,2026-09-30,portfolio,high,warning,Yahoo Finance (yfinance),20260930-evening
2026-09-30 22:10,4596,66.0,36,⚠️ 下落警戒,中,50.0,evening,2026-09-30,portfolio,high,warning,Yahoo Finance (yfinance),20260930-evening
2026-09-30 22:10,4597,31.0,94,🟢 強い買い候補,高,60.0,evening,2026-09-30,portfolio,high,buy,Yahoo Finance (yfinance),20260930-evening
2026-09-30 22:10,6721,72.0,24,🔴 損切り警戒,高,47.6,evening,2026-09-30,portfolio,high,stop_loss,Yahoo Finance (yfinance),20260930-evening
2026-09-30 22:10,6177,87.0,100,🟢 強い買い候補,高,52.9,evening,2026-09-30,watchlist,high,buy,Yahoo Finance (yfinance),20260930-evening
2026-09-30 22:10,2134,19.0,30,🔴 損切り警戒,中,40.0,evening,2026-09-30,watchlist,normal,stop_loss,Yahoo Finance (yfinance),20260930-evening
2026-09-30 22:10,2410,2669.0,44,⚠️ 下落警戒,低,22.9,evening,2026-09-30,watchlist,normal,warning,Yahoo Finance (yfinance),20260930-evening
2026-09-30 22:10,4583,108.0,90,🟢 強い買い候補,高,59.6,evening,2026-09-30,watchlist,normal,buy,Yahoo Finance (yfinance),20260930-evening
2026-10-01 11:19,6740,50.0,86,🟢 強い買い候補,高,62.5,morning,2026-10-01,portfolio,high,buy,Yahoo Finance (yfinance),20261001-morning
2026-10-01 11:19,6573,25.0,32,🔴 損切り警戒,中,28.6,morning,2026-10-01,portfolio,high,stop_loss,Yahoo Finance (yfinance),20261001-morning
2026-10-01 11:19,4596,66.0,36,⚠️ 下落警戒,中,60.0,morning,2026-10-01,portfolio,high,warning,Yahoo Finance (yfinance),20261001-morning
2026-10-01 11:19,4597,32.0,76,🟠 利確検討,中,80.0,morning,2026-10-01,portfolio,high,take_profit,Yahoo Finance (yfinance),20261001-morning
2026-10-01 11:19,6721,71.0,16,🔴 損切り警戒,高,40.0,morning,2026-10-01,portfolio,high,stop_loss,Yahoo Finance (yfinance),20261001-morning
2026-10-01 11:19,6177,86.0,90,🟢 強い買い候補,高,50.0,morning,2026-10-01,watchlist,high,buy,Yahoo Finance (yfinance),20261001-morning
2026-10-01 11:19,2134,19.0,30,🔴 損切り警戒,中,44.4,morning,2026-10-01,watchlist,normal,stop_loss,Yahoo Finance (yfinance),20261001-morning
2026-10-01 11:19,2410,2645.0,20,🔴 損切り警戒,高,23.2,morning,2026-10-01,watchlist,normal,stop_loss,Yahoo Finance (yfinance),20261001-morning
2026-10-01 11:19,4583,105.0,90,🟢 強い買い候補,高,58.3,morning,2026-10-01,watchlist,normal,buy,Yahoo Finance (yfinance),20261001-morning
2026-10-01 11:19,2330,87.0,32,🔴 損切り警戒,中,6.1,morning,2026-10-01,discovery,normal,stop_loss,Yahoo Finance (yfinance),20261001-morning
2026-10-01 11:19,3679,430.0,28,🔴 損切り警戒,中,43.1,morning,2026-10-01,discovery,normal,stop_loss,Yahoo Finance (yfinance),20261001-morning
2026-10-01 11:19,8927,504.0,86,🟢 強い買い候補,高,66.1,morning,2026-10-01,discovery,normal,buy,Yahoo Finance (yfinance),20261001-morning
2026-10-01 11:19,1926,980.0,74,🟢 買い・買い増し候補,中,53.9,morning,2026-10-01,discovery,normal,add,Yahoo Finance (yfinance),20261001-morning
2026-10-01 11:19,3939,504.0,74,🟢 買い・買い増し候補,中,62.3,morning,2026-10-01,discovery,normal,add,Yahoo Finance (yfinance),20261001-morning
2026-10-01 19:23,6740,49.0,86,🟢 強い買い候補,高,58.8,noon,2026-10-01,portfolio,high,buy,Yahoo Finance (yfinance),20261001-noon
2026-10-01 19:23,6573,25.0,32,🔴 損切り警戒,中,28.6,noon,2026-10-01,portfolio,high,stop_loss,Yahoo Finance (yfinance),20261001-noon
2026-10-01 19:23,4596,66.0,36,⚠️ 下落警戒,中,60.0,noon,2026-10-01,portfolio,high,warning,Yahoo Finance (yfinance),20261001-noon
2026-10-01 19:23,4597,32.0,76,🟠 利確検討,中,80.0,noon,2026-10-01,portfolio,high,take_profit,Yahoo Finance (yfinance),20261001-noon
2026-10-01 19:23,6721,70.0,24,🔴 損切り警戒,高,38.1,noon,2026-10-01,portfolio,high,stop_loss,Yahoo Finance (yfinance),20261001-noon
2026-10-01 19:23,6177,87.0,90,🟢 強い買い候補,高,52.9,noon,2026-10-01,watchlist,high,buy,Yahoo Finance (yfinance),20261001-noon
2026-10-01 19:23,2134,19.0,30,🔴 損切り警戒,中,44.4,noon,2026-10-01,watchlist,normal,stop_loss,Yahoo Finance (yfinance),20261001-noon
2026-10-01 19:23,2410,2626.0,28,🔴 損切り警戒,中,22.1,noon,2026-10-01,watchlist,normal,stop_loss,Yahoo Finance (yfinance),20261001-noon
2026-10-01 19:23,4583,104.0,90,🟢 強い買い候補,高,57.1,noon,2026-10-01,watchlist,normal,buy,Yahoo Finance (yfinance),20261001-noon
2026-10-01 19:23,2330,87.0,32,🔴 損切り警戒,中,6.1,noon,2026-10-01,discovery,normal,stop_loss,Yahoo Finance (yfinance),20261001-noon
2026-10-01 19:23,7610,138.0,42,🟡 継続監視,低,54.5,noon,2026-10-01,discovery,normal,hold,Yahoo Finance (yfinance),20261001-noon
2026-10-01 19:23,1926,987.0,78,🟢 買い・買い増し候補,中,56.2,noon,2026-10-01,discovery,normal,add,Yahoo Finance (yfinance),20261001-noon
2026-10-01 19:23,3940,131.0,60,🟡 継続監視,低,52.0,noon,2026-10-01,discovery,normal,hold,Yahoo Finance (yfinance),20261001-noon
2026-10-01 19:23,3939,501.0,74,🟢 買い・買い増し候補,中,60.3,noon,2026-10-01,discovery,normal,add,Yahoo Finance (yfinance),20261001-noon
2026-10-01 23:01,6740,49.0,86,🟢 強い買い候補,高,58.8,evening,2026-10-01,portfolio,high,buy,Yahoo Finance (yfinance),20261001-evening
2026-10-01 23:01,6573,25.0,32,🔴 損切り警戒,中,28.6,evening,2026-10-01,portfolio,high,stop_loss,Yahoo Finance (yfinance),20261001-evening
2026-10-01 23:01,4596,66.0,36,⚠️ 下落警戒,中,60.0,evening,2026-10-01,portfolio,high,warning,Yahoo Finance (yfinance),20261001-evening
2026-10-01 23:01,4597,32.0,76,🟠 利確検討,中,80.0,evening,2026-10-01,portfolio,high,take_profit,Yahoo Finance (yfinance),20261001-evening
2026-10-01 23:01,6721,70.0,24,🔴 損切り警戒,高,38.1,evening,2026-10-01,portfolio,high,stop_loss,Yahoo Finance (yfinance),20261001-evening
2026-10-01 23:01,6177,87.0,90,🟢 強い買い候補,高,52.9,evening,2026-10-01,watchlist,high,buy,Yahoo Finance (yfinance),20261001-evening
2026-10-01 23:01,2134,19.0,30,🔴 損切り警戒,中,44.4,evening,2026-10-01,watchlist,normal,stop_loss,Yahoo Finance (yfinance),20261001-evening
2026-10-01 23:01,2410,2626.0,28,🔴 損切り警戒,中,22.1,evening,2026-10-01,watchlist,normal,stop_loss,Yahoo Finance (yfinance),20261001-evening
2026-10-01 23:01,4583,104.0,90,🟢 強い買い候補,高,57.1,evening,2026-10-01,watchlist,normal,buy,Yahoo Finance (yfinance),20261001-evening
2026-10-01 23:01,2330,87.0,32,🔴 損切り警戒,中,6.1,evening,2026-10-01,discovery,normal,stop_loss,Yahoo Finance (yfinance),20261001-evening
2026-10-01 23:01,7610,138.0,42,🟡 継続監視,低,54.5,evening,2026-10-01,discovery,normal,hold,Yahoo Finance (yfinance),20261001-evening
2026-10-01 23:01,1926,987.0,78,🟢 買い・買い増し候補,中,56.2,evening,2026-10-01,discovery,normal,add,Yahoo Finance (yfinance),20261001-evening
2026-10-01 23:01,3940,131.0,60,🟡 継続監視,低,52.0,evening,2026-10-01,discovery,normal,hold,Yahoo Finance (yfinance),20261001-evening
2026-10-01 23:01,3939,501.0,74,🟢 買い・買い増し候補,中,60.3,evening,2026-10-01,discovery,normal,add,Yahoo Finance (yfinance),20261001-evening
2026-10-02 11:30,6740,47.0,58,🟡 継続監視,低,52.6,morning,2026-10-02,portfolio,high,hold,Yahoo Finance (yfinance),20261002-morning
2026-10-02 11:30,6573,25.0,28,🔴 損切り警戒,中,33.3,morning,2026-10-02,portfolio,high,stop_loss,Yahoo Finance (yfinance),20261002-morning
2026-10-02 11:30,4596,66.0,62,🟡 継続監視,低,55.6,morning,2026-10-02,portfolio,high,hold,Yahoo Finance (yfinance),20261002-morning
2026-10-02 11:30,4597,33.0,76,🟠 利確検討,中,83.3,morning,2026-10-02,portfolio,high,take_profit,Yahoo Finance (yfinance),20261002-morning
2026-10-02 11:30,6721,69.0,12,🔴 損切り警戒,高,42.1,morning,2026-10-02,portfolio,high,stop_loss,Yahoo Finance (yfinance),20261002-morning
2026-10-02 11:30,6177,86.0,90,🟢 強い買い候補,高,52.9,morning,2026-10-02,watchlist,high,buy,Yahoo Finance (yfinance),20261002-morning
2026-10-02 11:30,2134,18.0,30,🔴 損切り警戒,中,33.3,morning,2026-10-02,watchlist,normal,stop_loss,Yahoo Finance (yfinance),20261002-morning
2026-10-02 11:30,2410,2540.0,20,🔴 損切り警戒,高,19.8,morning,2026-10-02,watchlist,normal,stop_loss,Yahoo Finance (yfinance),20261002-morning
2026-10-02 11:30,4583,100.0,90,🟢 強い買い候補,高,60.9,morning,2026-10-02,watchlist,normal,buy,Yahoo Finance (yfinance),20261002-morning
2026-10-02 11:30,2330,86.0,32,🔴 損切り警戒,中,7.0,morning,2026-10-02,discovery,normal,stop_loss,Yahoo Finance (yfinance),20261002-morning
2026-10-02 11:30,7610,136.0,42,🟡 継続監視,低,54.5,morning,2026-10-02,discovery,normal,hold,Yahoo Finance (yfinance),20261002-morning
2026-10-02 11:30,1926,961.0,54,🟡 継続監視,低,49.6,morning,2026-10-02,discovery,normal,hold,Yahoo Finance (yfinance),20261002-morning
2026-10-02 11:30,3940,131.0,60,🟡 継続監視,低,52.0,morning,2026-10-02,discovery,normal,hold,Yahoo Finance (yfinance),20261002-morning
2026-10-02 11:30,3939,490.0,38,🟡 継続監視,中,53.8,morning,2026-10-02,discovery,normal,hold,Yahoo Finance (yfinance),20261002-morning
2026-10-02 18:59,6740,46.0,66,🟡 継続監視,中,50.0,noon,2026-10-02,portfolio,high,hold,Yahoo Finance (yfinance),20261002-noon
2026-10-02 18:59,6573,25.0,28,🔴 損切り警戒,中,33.3,noon,2026-10-02,portfolio,high,stop_loss,Yahoo Finance (yfinance),20261002-noon
2026-10-02 18:59,4596,67.0,82,🟢 強い買い候補,高,60.0,noon,2026-10-02,portfolio,high,buy,Yahoo Finance (yfinance),20261002-noon
2026-10-02 18:59,4597,32.0,76,🟠 利確検討,中,80.0,noon,2026-10-02,portfolio,high,take_profit,Yahoo Finance (yfinance),20261002-noon
2026-10-02 18:59,6721,67.0,24,🔴 損切り警戒,高,38.1,noon,2026-10-02,portfolio,high,stop_loss,Yahoo Finance (yfinance),20261002-noon
2026-10-02 18:59,6177,86.0,90,🟢 強い買い候補,高,52.9,noon,2026-10-02,watchlist,high,buy,Yahoo Finance (yfinance),20261002-noon
2026-10-02 18:59,2134,18.0,30,🔴 損切り警戒,中,33.3,noon,2026-10-02,watchlist,normal,stop_loss,Yahoo Finance (yfinance),20261002-noon
2026-10-02 18:59,2410,2560.0,28,🔴 損切り警戒,中,20.7,noon,2026-10-02,watchlist,normal,stop_loss,Yahoo Finance (yfinance),20261002-noon
2026-10-02 18:59,4583,102.0,90,🟢 強い買い候補,高,63.6,noon,2026-10-02,watchlist,normal,buy,Yahoo Finance (yfinance),20261002-noon
2026-10-02 18:59,2330,84.0,32,🔴 損切り警戒,中,6.7,noon,2026-10-02,discovery,normal,stop_loss,Yahoo Finance (yfinance),20261002-noon
2026-10-02 18:59,7610,135.0,42,🟡 継続監視,低,50.0,noon,2026-10-02,discovery,normal,hold,Yahoo Finance (yfinance),20261002-noon
2026-10-02 18:59,3940,130.0,40,⚠️ 下落警戒,中,50.0,noon,2026-10-02,discovery,normal,warning,Yahoo Finance (yfinance),20261002-noon
2026-10-02 18:59,8622,865.0,36,⚠️ 下落警戒,中,29.4,noon,2026-10-02,discovery,normal,warning,Yahoo Finance (yfinance),20261002-noon
2026-10-02 18:59,2317,424.0,40,⚠️ 下落警戒,中,50.0,noon,2026-10-02,discovery,normal,warning,Yahoo Finance (yfinance),20261002-noon
2026-10-02 22:21,6740,46.0,66,🟡 継続監視,中,50.0,evening,2026-10-02,portfolio,high,hold,Yahoo Finance (yfinance),20261002-evening
2026-10-02 22:21,6573,25.0,28,🔴 損切り警戒,中,33.3,evening,2026-10-02,portfolio,high,stop_loss,Yahoo Finance (yfinance),20261002-evening
2026-10-02 22:21,4596,67.0,82,🟢 強い買い候補,高,60.0,evening,2026-10-02,portfolio,high,buy,Yahoo Finance (yfinance),20261002-evening
2026-10-02 22:21,4597,32.0,76,🟠 利確検討,中,80.0,evening,2026-10-02,portfolio,high,take_profit,Yahoo Finance (yfinance),20261002-evening
2026-10-02 22:21,6721,67.0,24,🔴 損切り警戒,高,38.1,evening,2026-10-02,portfolio,high,stop_loss,Yahoo Finance (yfinance),20261002-evening
2026-10-02 22:21,6177,86.0,90,🟢 強い買い候補,高,52.9,evening,2026-10-02,watchlist,high,buy,Yahoo Finance (yfinance),20261002-evening
2026-10-02 22:21,2134,18.0,30,🔴 損切り警戒,中,33.3,evening,2026-10-02,watchlist,normal,stop_loss,Yahoo Finance (yfinance),20261002-evening
2026-10-02 22:21,2410,2560.0,28,🔴 損切り警戒,中,20.7,evening,2026-10-02,watchlist,normal,stop_loss,Yahoo Finance (yfinance),20261002-evening
2026-10-02 22:21,4583,102.0,90,🟢 強い買い候補,高,63.6,evening,2026-10-02,watchlist,normal,buy,Yahoo Finance (yfinance),20261002-evening
2026-10-02 22:21,2330,84.0,32,🔴 損切り警戒,中,6.7,evening,2026-10-02,discovery,normal,stop_loss,Yahoo Finance (yfinance),20261002-evening
2026-10-02 22:21,7610,135.0,42,🟡 継続監視,低,50.0,evening,2026-10-02,discovery,normal,hold,Yahoo Finance (yfinance),20261002-evening
2026-10-02 22:21,3940,130.0,40,⚠️ 下落警戒,中,50.0,evening,2026-10-02,discovery,normal,warning,Yahoo Finance (yfinance),20261002-evening
2026-10-02 22:21,8622,865.0,36,⚠️ 下落警戒,中,29.4,evening,2026-10-02,discovery,normal,warning,Yahoo Finance (yfinance),20261002-evening
2026-10-02 22:21,2317,424.0,40,⚠️ 下落警戒,中,50.0,evening,2026-10-02,discovery,normal,warning,Yahoo Finance (yfinance),20261002-evening
2026-10-05 11:18,6740,45.0,32,🔴 損切り警戒,中,45.0,morning,2026-10-05,portfolio,high,stop_loss,Yahoo Finance (yfinance),20261005-morning
2026-10-05 11:18,6573,26.0,28,🔴 損切り警戒,中,42.9,morning,2026-10-05,portfolio,high,stop_loss,Yahoo Finance (yfinance),20261005-morning
2026-10-05 11:18,4596,65.0,20,🔴 損切り警戒,高,40.0,morning,2026-10-05,portfolio,high,stop_loss,Yahoo Finance (yfinance),20261005-morning
2026-10-05 11:18,4597,30.0,90,🟢 強い買い候補,高,57.1,morning,2026-10-05,portfolio,high,buy,Yahoo Finance (yfinance),20261005-morning
2026-10-05 11:18,6721,63.0,28,🔴 損切り警戒,中,29.2,morning,2026-10-05,portfolio,high,stop_loss,Yahoo Finance (yfinance),20261005-morning
2026-10-05 11:18,6177,85.0,70,🟢 買い・買い増し候補,中,52.9,morning,2026-10-05,watchlist,high,add,Yahoo Finance (yfinance),20261005-morning
2026-10-05 11:18,2134,18.0,30,🔴 損切り警戒,中,37.5,morning,2026-10-05,watchlist,normal,stop_loss,Yahoo Finance (yfinance),20261005-morning
2026-10-05 11:18,2410,2538.0,16,🔴 損切り警戒,高,18.1,morning,2026-10-05,watchlist,normal,stop_loss,Yahoo Finance (yfinance),20261005-morning
2026-10-05 11:18,4583,100.0,64,🟡 継続監視,低,57.1,morning,2026-10-05,watchlist,normal,hold,Yahoo Finance (yfinance),20261005-morning
2026-10-05 11:18,2330,85.0,32,🔴 損切り警戒,中,13.8,morning,2026-10-05,discovery,normal,stop_loss,Yahoo Finance (yfinance),20261005-morning
2026-10-05 11:18,7610,135.0,30,🔴 損切り警戒,中,40.0,morning,2026-10-05,discovery,normal,stop_loss,Yahoo Finance (yfinance),20261005-morning
2026-10-05 11:18,3940,129.0,40,⚠️ 下落警戒,中,46.2,morning,2026-10-05,discovery,normal,warning,Yahoo Finance (yfinance),20261005-morning
2026-10-05 11:18,8622,858.0,36,⚠️ 下落警戒,中,23.7,morning,2026-10-05,discovery,normal,warning,Yahoo Finance (yfinance),20261005-morning
2026-10-05 11:18,2317,419.0,28,🔴 損切り警戒,中,42.1,morning,2026-10-05,discovery,normal,stop_loss,Yahoo Finance (yfinance),20261005-morning
2026-10-05 19:46,6740,45.0,32,🔴 損切り警戒,中,45.0,noon,2026-10-05,portfolio,high,stop_loss,Yahoo Finance (yfinance),20261005-noon
2026-10-05 19:46,6573,25.0,28,🔴 損切り警戒,中,33.3,noon,2026-10-05,portfolio,high,stop_loss,Yahoo Finance (yfinance),20261005-noon
2026-10-05 19:46,4596,65.0,20,🔴 損切り警戒,高,40.0,noon,2026-10-05,portfolio,high,stop_loss,Yahoo Finance (yfinance),20261005-noon
2026-10-05 19:46,4597,31.0,86,🟢 強い買い候補,高,66.7,noon,2026-10-05,portfolio,high,buy,Yahoo Finance (yfinance),20261005-noon
2026-10-05 19:46,6721,65.0,24,🔴 損切り警戒,高,31.8,noon,2026-10-05,portfolio,high,stop_loss,Yahoo Finance (yfinance),20261005-noon
2026-10-05 19:46,6177,86.0,90,🟢 強い買い候補,高,56.2,noon,2026-10-05,watchlist,high,buy,Yahoo Finance (yfinance),20261005-noon
2026-10-05 19:46,2134,18.0,30,🔴 損切り警戒,中,37.5,noon,2026-10-05,watchlist,normal,stop_loss,Yahoo Finance (yfinance),20261005-noon
2026-10-05 19:46,2410,2532.0,20,🔴 損切り警戒,高,17.8,noon,2026-10-05,watchlist,normal,stop_loss,Yahoo Finance (yfinance),20261005-noon
2026-10-05 19:46,4583,102.0,90,🟢 強い買い候補,高,60.0,noon,2026-10-05,watchlist,normal,buy,Yahoo Finance (yfinance),20261005-noon
2026-10-06 00:24,6740,46.0,66,🟡 継続監視,中,50.0,evening,2026-10-05,portfolio,high,hold,Yahoo Finance (yfinance),20261006-evening
2026-10-06 00:24,6573,25.0,28,🔴 損切り警戒,中,33.3,evening,2026-10-05,portfolio,high,stop_loss,Yahoo Finance (yfinance),20261006-evening
2026-10-06 00:24,4596,67.0,82,🟢 強い買い候補,高,60.0,evening,2026-10-05,portfolio,high,buy,Yahoo Finance (yfinance),20261006-evening
2026-10-06 00:24,4597,32.0,76,🟠 利確検討,中,80.0,evening,2026-10-05,portfolio,high,take_profit,Yahoo Finance (yfinance),20261006-evening
2026-10-06 00:24,6721,67.0,24,🔴 損切り警戒,高,38.1,evening,2026-10-05,portfolio,high,stop_loss,Yahoo Finance (yfinance),20261006-evening
2026-10-06 00:24,6177,86.0,90,🟢 強い買い候補,高,52.9,evening,2026-10-05,watchlist,high,buy,Yahoo Finance (yfinance),20261006-evening
2026-10-06 00:24,2134,18.0,30,🔴 損切り警戒,中,33.3,evening,2026-10-05,watchlist,normal,stop_loss,Yahoo Finance (yfinance),20261006-evening
2026-10-06 00:24,2410,2560.0,28,🔴 損切り警戒,中,20.7,evening,2026-10-05,watchlist,normal,stop_loss,Yahoo Finance (yfinance),20261006-evening
2026-10-06 00:24,4583,102.0,90,🟢 強い買い候補,高,63.6,evening,2026-10-05,watchlist,normal,buy,Yahoo Finance (yfinance),20261006-evening
2026-10-06 12:16,6740,45.0,20,🔴 損切り警戒,高,45.0,morning,2026-10-06,portfolio,high,stop_loss,Yahoo Finance (yfinance),20261006-morning
2026-10-06 12:16,6573,25.0,28,🔴 損切り警戒,中,33.3,morning,2026-10-06,portfolio,high,stop_loss,Yahoo Finance (yfinance),20261006-morning
2026-10-06 12:16,4596,65.0,36,⚠️ 下落警戒,中,50.0,morning,2026-10-06,portfolio,high,warning,Yahoo Finance (yfinance),20261006-morning
2026-10-06 12:16,4597,32.0,86,🟢 強い買い候補,高,71.4,morning,2026-10-06,portfolio,high,buy,Yahoo Finance (yfinance),20261006-morning
2026-10-06 12:16,6721,65.0,12,🔴 損切り警戒,高,31.8,morning,2026-10-06,portfolio,high,stop_loss,Yahoo Finance (yfinance),20261006-morning
2026-10-06 12:16,6177,86.0,90,🟢 強い買い候補,高,50.0,morning,2026-10-06,watchlist,high,buy,Yahoo Finance (yfinance),20261006-morning
2026-10-06 12:16,2134,18.0,30,🔴 損切り警戒,中,37.5,morning,2026-10-06,watchlist,normal,stop_loss,Yahoo Finance (yfinance),20261006-morning
2026-10-06 12:16,2410,2531.0,16,🔴 損切り警戒,高,18.3,morning,2026-10-06,watchlist,normal,stop_loss,Yahoo Finance (yfinance),20261006-morning
2026-10-06 12:16,4583,102.0,46,🟠 利確検討,低,75.0,morning,2026-10-06,watchlist,normal,take_profit,Yahoo Finance (yfinance),20261006-morning
2026-10-06 19:39,6740,42.0,24,🔴 損切り警戒,高,39.1,noon,2026-10-06,portfolio,high,stop_loss,Yahoo Finance (yfinance),20261006-noon
2026-10-06 19:39,6573,25.0,32,🔴 損切り警戒,中,33.3,noon,2026-10-06,portfolio,high,stop_loss,Yahoo Finance (yfinance),20261006-noon
2026-10-06 19:39,4596,65.0,36,⚠️ 下落警戒,中,50.0,noon,2026-10-06,portfolio,high,warning,Yahoo Finance (yfinance),20261006-noon
2026-10-06 19:39,4597,32.0,86,🟢 強い買い候補,高,71.4,noon,2026-10-06,portfolio,high,buy,Yahoo Finance (yfinance),20261006-noon
2026-10-06 19:39,6721,66.0,12,🔴 損切り警戒,高,34.8,noon,2026-10-06,portfolio,high,stop_loss,Yahoo Finance (yfinance),20261006-noon
2026-10-06 19:39,6177,86.0,90,🟢 強い買い候補,高,50.0,noon,2026-10-06,watchlist,high,buy,Yahoo Finance (yfinance),20261006-noon
2026-10-06 19:39,2134,18.0,30,🔴 損切り警戒,中,37.5,noon,2026-10-06,watchlist,normal,stop_loss,Yahoo Finance (yfinance),20261006-noon
2026-10-06 19:39,2410,2563.0,20,🔴 損切り警戒,高,23.7,noon,2026-10-06,watchlist,normal,stop_loss,Yahoo Finance (yfinance),20261006-noon
2026-10-06 19:39,4583,99.0,56,🟡 継続監視,低,68.6,noon,2026-10-06,watchlist,normal,hold,Yahoo Finance (yfinance),20261006-noon
2026-10-06 22:46,7610,136.0,38,🟡 継続監視,中,50.0,evening,2026-10-06,discovery,normal,hold,Yahoo Finance (yfinance),20261006-evening
2026-10-06 22:46,3939,493.0,38,🟡 継続監視,中,56.7,evening,2026-10-06,discovery,normal,hold,Yahoo Finance (yfinance),20261006-evening
2026-10-06 22:46,2317,424.0,40,⚠️ 下落警戒,中,49.1,evening,2026-10-06,discovery,normal,warning,Yahoo Finance (yfinance),20261006-evening
2026-10-06 22:46,6379,962.0,36,⚠️ 下落警戒,中,47.7,evening,2026-10-06,discovery,normal,warning,Yahoo Finance (yfinance),20261006-evening
2026-10-06 22:46,7183,256.0,70,🟢 買い・買い増し候補,中,66.7,evening,2026-10-06,discovery,normal,add,Yahoo Finance (yfinance),20261006-evening
2026-10-07 11:39,6740,39.0,24,🔴 損切り警戒,高,36.0,morning,2026-10-07,portfolio,high,stop_loss,Yahoo Finance (yfinance),20261007-morning
2026-10-07 11:39,6573,25.0,28,🔴 損切り警戒,中,33.3,morning,2026-10-07,portfolio,high,stop_loss,Yahoo Finance (yfinance),20261007-morning
2026-10-07 11:39,4596,65.0,28,🔴 損切り警戒,中,42.9,morning,2026-10-07,portfolio,high,stop_loss,Yahoo Finance (yfinance),20261007-morning
2026-10-07 11:39,4597,32.0,82,🟢 強い買い候補,高,71.4,morning,2026-10-07,portfolio,high,buy,Yahoo Finance (yfinance),20261007-morning
2026-10-07 11:39,6721,64.0,12,🔴 損切り警戒,高,32.0,morning,2026-10-07,portfolio,high,stop_loss,Yahoo Finance (yfinance),20261007-morning
2026-10-07 11:39,6177,84.0,44,⚠️ 下落警戒,低,50.0,morning,2026-10-07,watchlist,high,warning,Yahoo Finance (yfinance),20261007-morning
2026-10-07 11:39,2134,18.0,30,🔴 損切り警戒,中,42.9,morning,2026-10-07,watchlist,normal,stop_loss,Yahoo Finance (yfinance),20261007-morning
2026-10-07 11:39,2410,2546.0,16,🔴 損切り警戒,高,15.8,morning,2026-10-07,watchlist,normal,stop_loss,Yahoo Finance (yfinance),20261007-morning
2026-10-07 11:39,4583,97.0,72,🟢 買い・買い増し候補,中,63.9,morning,2026-10-07,watchlist,normal,add,Yahoo Finance (yfinance),20261007-morning
2026-10-07 11:39,7610,136.0,38,🟡 継続監視,中,55.6,morning,2026-10-07,discovery,normal,hold,Yahoo Finance (yfinance),20261007-morning
2026-10-07 11:39,3939,494.0,38,🟡 継続監視,中,50.8,morning,2026-10-07,discovery,normal,hold,Yahoo Finance (yfinance),20261007-morning
2026-10-07 11:39,2317,425.0,32,🔴 損切り警戒,中,25.0,morning,2026-10-07,discovery,normal,stop_loss,Yahoo Finance (yfinance),20261007-morning
2026-10-07 11:39,6379,965.0,36,⚠️ 下落警戒,中,47.5,morning,2026-10-07,discovery,normal,warning,Yahoo Finance (yfinance),20261007-morning
2026-10-07 11:39,7183,255.0,94,🟢 強い買い候補,高,57.1,morning,2026-10-07,discovery,normal,buy,Yahoo Finance (yfinance),20261007-morning
2026-10-07 19:29,6740,41.0,24,🔴 損切り警戒,高,39.1,noon,2026-10-07,portfolio,high,stop_loss,Yahoo Finance (yfinance),20261007-noon
2026-10-07 19:29,6573,23.0,44,⚠️ 下落警戒,低,25.0,noon,2026-10-07,portfolio,high,warning,Yahoo Finance (yfinance),20261007-noon
2026-10-07 19:29,4596,63.0,32,🔴 損切り警戒,中,33.3,noon,2026-10-07,portfolio,high,stop_loss,Yahoo Finance (yfinance),20261007-noon
2026-10-07 19:29,4597,33.0,76,🟠 利確検討,中,75.0,noon,2026-10-07,portfolio,high,take_profit,Yahoo Finance (yfinance),20261007-noon
2026-10-07 19:29,6721,65.0,12,🔴 損切り警戒,高,33.3,noon,2026-10-07,portfolio,high,stop_loss,Yahoo Finance (yfinance),20261007-noon
2026-10-07 19:29,6177,84.0,44,⚠️ 下落警戒,低,50.0,noon,2026-10-07,watchlist,high,warning,Yahoo Finance (yfinance),20261007-noon
2026-10-07 19:29,2134,18.0,30,🔴 損切り警戒,中,42.9,noon,2026-10-07,watchlist,normal,stop_loss,Yahoo Finance (yfinance),20261007-noon
2026-10-07 19:29,2410,2552.0,16,🔴 損切り警戒,高,16.1,noon,2026-10-07,watchlist,normal,stop_loss,Yahoo Finance (yfinance),20261007-noon
2026-10-07 19:29,4583,99.0,64,🟡 継続監視,低,67.6,noon,2026-10-07,watchlist,normal,hold,Yahoo Finance (yfinance),20261007-noon
2026-10-07 23:03,6740,41.0,24,🔴 損切り警戒,高,39.1,evening,2026-10-07,portfolio,high,stop_loss,Yahoo Finance (yfinance),20261007-evening
2026-10-07 23:03,6573,23.0,44,⚠️ 下落警戒,低,25.0,evening,2026-10-07,portfolio,high,warning,Yahoo Finance (yfinance),20261007-evening
2026-10-07 23:03,4596,63.0,32,🔴 損切り警戒,中,33.3,evening,2026-10-07,portfolio,high,stop_loss,Yahoo Finance (yfinance),20261007-evening
2026-10-07 23:03,4597,33.0,76,🟠 利確検討,中,75.0,evening,2026-10-07,portfolio,high,take_profit,Yahoo Finance (yfinance),20261007-evening
2026-10-07 23:03,6721,65.0,12,🔴 損切り警戒,高,33.3,evening,2026-10-07,portfolio,high,stop_loss,Yahoo Finance (yfinance),20261007-evening
2026-10-07 23:03,6177,84.0,44,⚠️ 下落警戒,低,50.0,evening,2026-10-07,watchlist,high,warning,Yahoo Finance (yfinance),20261007-evening
2026-10-07 23:03,2134,18.0,30,🔴 損切り警戒,中,42.9,evening,2026-10-07,watchlist,normal,stop_loss,Yahoo Finance (yfinance),20261007-evening
2026-10-07 23:03,2410,2552.0,16,🔴 損切り警戒,高,16.1,evening,2026-10-07,watchlist,normal,stop_loss,Yahoo Finance (yfinance),20261007-evening
2026-10-07 23:03,4583,99.0,64,🟡 継続監視,低,67.6,evening,2026-10-07,watchlist,normal,hold,Yahoo Finance (yfinance),20261007-evening
2026-10-08 11:51,6740,40.0,12,🔴 損切り警戒,高,37.5,morning,2026-10-08,portfolio,high,stop_loss,Yahoo Finance (yfinance),20261008-morning
2026-10-08 11:51,6573,23.0,32,🔴 損切り警戒,中,14.3,morning,2026-10-08,portfolio,high,stop_loss,Yahoo Finance (yfinance),20261008-morning
2026-10-08 11:51,4596,63.0,32,🔴 損切り警戒,中,25.0,morning,2026-10-08,portfolio,high,stop_loss,Yahoo Finance (yfinance),20261008-morning
2026-10-08 11:51,4597,31.0,94,🟢 強い買い候補,高,60.0,morning,2026-10-08,portfolio,high,buy,Yahoo Finance (yfinance),20261008-morning
2026-10-08 11:51,6721,64.0,16,🔴 損切り警戒,高,19.0,morning,2026-10-08,portfolio,high,stop_loss,Yahoo Finance (yfinance),20261008-morning
2026-10-08 11:51,6177,82.0,32,🔴 損切り警戒,中,40.0,morning,2026-10-08,watchlist,high,stop_loss,Yahoo Finance (yfinance),20261008-morning
2026-10-08 11:51,2134,18.0,42,🟡 継続監視,低,42.9,morning,2026-10-08,watchlist,normal,hold,Yahoo Finance (yfinance),20261008-morning
2026-10-08 11:51,2410,2515.0,16,🔴 損切り警戒,高,14.9,morning,2026-10-08,watchlist,normal,stop_loss,Yahoo Finance (yfinance),20261008-morning
2026-10-08 11:51,4583,96.0,52,⚠️ 下落警戒,低,61.1,morning,2026-10-08,watchlist,normal,warning,Yahoo Finance (yfinance),20261008-morning
2026-10-08 11:51,3939,491.0,38,🟡 継続監視,中,50.8,morning,2026-10-08,discovery,normal,hold,Yahoo Finance (yfinance),20261008-morning
2026-10-08 11:51,2317,424.0,32,🔴 損切り警戒,中,25.7,morning,2026-10-08,discovery,normal,stop_loss,Yahoo Finance (yfinance),20261008-morning
2026-10-08 11:51,6379,966.0,36,⚠️ 下落警戒,中,48.8,morning,2026-10-08,discovery,normal,warning,Yahoo Finance (yfinance),20261008-morning
2026-10-08 11:51,8377,850.2,64,🟡 継続監視,低,53.8,morning,2026-10-08,discovery,normal,hold,Yahoo Finance (yfinance),20261008-morning
2026-10-08 11:51,7246,966.0,28,🔴 損切り警戒,中,39.5,morning,2026-10-08,discovery,normal,stop_loss,Yahoo Finance (yfinance),20261008-morning
